number,title,filename,placeholder_var,prompt
001,AI Accountability – Who Is Responsible When AI Causes Harm,ai-accountability-who-is-responsible-when-ai-causes-harm.md,IMAGE_PLACEHOLDER_ai-accountability-who-is-responsible-when-ai-causes-harm,"balanced composition showing risk and safety elements, warning symbols with protective shields, professional illustration, modern flat design style, clean and authoritative, high quality, blue and gray color scheme with accent colors, suitable for professional article header"
002,AI and Privacy – The Data Collection Dilemma,ai-and-privacy-the-data-collection-dilemma.md,IMAGE_PLACEHOLDER_ai-and-privacy-the-data-collection-dilemma,"educational diagram showing AI concepts, neural network visualization, technology icons, data protection symbols, privacy locks, secure data flow, professional illustration, modern flat design style, clean and authoritative, high quality, blue and gray color scheme with accent colors, suitable for professional article header"
003,AI Governance Frameworks – Building Your Organization,ai-governance-frameworks-building-your-organizations-approac.md,IMAGE_PLACEHOLDER_ai-governance-frameworks-building-your-organizations-approac,"organizational structure, implementation roadmap, strategic planning elements, structured framework diagram, building blocks, architectural blueprint, professional illustration, modern flat design style, clean and authoritative, high quality, blue and gray color scheme with accent colors, suitable for professional article header label: Article Hero Image section: Header id: image"
004,AI Governance Mastery — Article Titles,ai-governance-mastery-article-titles.md,IMAGE_PLACEHOLDER_ai-governance-mastery-article-titles,"organizational structure, implementation roadmap, strategic planning elements, professional illustration, modern flat design style, clean and authoritative, high quality, blue and gray color scheme with accent colors, suitable for professional article header"
005,AI Hallucinations – When Machines Confidently Lie,ai-hallucinations-when-machines-confidently-lie.md,IMAGE_PLACEHOLDER_ai-hallucinations-when-machines-confidently-lie,"balanced composition showing risk and safety elements, warning symbols with protective shields, professional illustration, modern flat design style, clean and authoritative, high quality, blue and gray color scheme with accent colors, suitable for professional article header"
006,AI History — From Dartmouth to DeepMind,ai-history-from-dartmouth-to-deepmind.md,IMAGE_PLACEHOLDER_ai-history-from-dartmouth-to-deepmind,"educational diagram showing AI concepts, neural network visualization, technology icons, professional illustration, modern flat design style, clean and authoritative, high quality, blue and gray color scheme with accent colors, suitable for professional article header label: Article Hero Image section: Header id: image"
007,AI-Powered Misinformation – Democracy at Risk,ai-powered-misinformation-democracy-at-risk.md,IMAGE_PLACEHOLDER_ai-powered-misinformation-democracy-at-risk,"balanced composition showing risk and safety elements, warning symbols with protective shields, shield icons, warning triangles, protective barriers, safety nets, professional illustration, modern flat design style, clean and authoritative, high quality, blue and gray color scheme with accent colors, suitable for professional article header"
008,AI Safety – Preventing Catastrophic Failures,ai-safety-preventing-catastrophic-failures.md,IMAGE_PLACEHOLDER_ai-safety-preventing-catastrophic-failures,"balanced composition showing risk and safety elements, warning symbols with protective shields, shield icons, warning triangles, protective barriers, safety nets, professional illustration, modern flat design style, clean and authoritative, high quality, blue and gray color scheme with accent colors, suitable for professional article header"
009,AI Transparency – What Users Deserve to Know,ai-transparency-what-users-deserve-to-know.md,IMAGE_PLACEHOLDER_ai-transparency-what-users-deserve-to-know,"balanced composition showing risk and safety elements, warning symbols with protective shields, transparent glass box revealing inner workings, light rays, clarity symbols, professional illustration, modern flat design style, clean and authoritative, high quality, blue and gray color scheme with accent colors, suitable for professional article header"
010,Algorithmic Bias – How AI Discriminates and Why,algorithmic-bias-how-ai-discriminates-and-why.md,IMAGE_PLACEHOLDER_algorithmic-bias-how-ai-discriminates-and-why,"balanced composition showing risk and safety elements, warning symbols with protective shields, balanced scales, diverse people silhouettes, equality symbols, professional illustration, modern flat design style, clean and authoritative, high quality, blue and gray color scheme with accent colors, suitable for professional article header"
011,Article 10: AI vs. Automation – Understanding the Distinction,article-10-ai-vs-automation-understanding-the-distinction.md,IMAGE_PLACEHOLDER_article-10-ai-vs-automation-understanding-the-distinction,"circular process flow, development stages, iterative cycle visualization, professional illustration, modern flat design style, clean and authoritative, high quality, blue and gray color scheme with accent colors, suitable for professional article header"
012,Article 10: The AI Technology Stack – From Chips to Applications,article-10-the-ai-technology-stack-from-chips-to-application.md,IMAGE_PLACEHOLDER_article-10-the-ai-technology-stack-from-chips-to-application,"educational diagram showing AI concepts, neural network visualization, technology icons, professional illustration, modern flat design style, clean and authoritative, high quality, blue and gray color scheme with accent colors, suitable for professional article header"
013,"Article 100: Model Maintenance – Updates, Retraining, and Retirement",article-100-model-maintenance-updates-retraining-and-retirem.md,IMAGE_PLACEHOLDER_article-100-model-maintenance-updates-retraining-and-retirem,"circular process flow, development stages, iterative cycle visualization, learning path, educational icons, knowledge transfer visualization, professional illustration, modern flat design style, clean and authoritative, high quality, blue and gray color scheme with accent colors, suitable for professional article header"
014,Article 101: Building the AI Governance Function – Where to Start,article-101-building-the-ai-governance-function-where-to-sta.md,IMAGE_PLACEHOLDER_article-101-building-the-ai-governance-function-where-to-sta,"organizational structure, implementation roadmap, strategic planning elements, professional illustration, modern flat design style, clean and authoritative, high quality, blue and gray color scheme with accent colors, suitable for professional article header"
015,"Article 102: AI Governance Roles – CPO, CAO, and the Responsible AI Office",article-102-ai-governance-roles-cpo-cao-and-the-responsible-.md,IMAGE_PLACEHOLDER_article-102-ai-governance-roles-cpo-cao-and-the-responsible-,"organizational structure, implementation roadmap, strategic planning elements, professional illustration, modern flat design style, clean and authoritative, high quality, blue and gray color scheme with accent colors, suitable for professional article header"
016,"Article 103: The AI Ethics Board – Structure, Charter, and Effectiveness",article-103-the-ai-ethics-board-structure-charter-and-effect.md,IMAGE_PLACEHOLDER_article-103-the-ai-ethics-board-structure-charter-and-effect,"organizational structure, implementation roadmap, strategic planning elements, professional illustration, modern flat design style, clean and authoritative, high quality, blue and gray color scheme with accent colors, suitable for professional article header"
017,Article 104: AI Policy Development – Templates and Best Practices,article-104-ai-policy-development-templates-and-best-practic.md,IMAGE_PLACEHOLDER_article-104-ai-policy-development-templates-and-best-practic,"organizational structure, implementation roadmap, strategic planning elements, professional illustration, modern flat design style, clean and authoritative, high quality, blue and gray color scheme with accent colors, suitable for professional article header"
018,Article 105: AI Inventory Management – Knowing What You Have,article-105-ai-inventory-management-knowing-what-you-have.md,IMAGE_PLACEHOLDER_article-105-ai-inventory-management-knowing-what-you-have,"organizational structure, implementation roadmap, strategic planning elements, professional illustration, modern flat design style, clean and authoritative, high quality, blue and gray color scheme with accent colors, suitable for professional article header"
019,Article 106: Third-Party AI Risk – Vendor Assessment and Management,article-106-third-party-ai-risk-vendor-assessment-and-manage.md,IMAGE_PLACEHOLDER_article-106-third-party-ai-risk-vendor-assessment-and-manage,"audit checklist, magnifying glass over AI system, accountability chain visualization, checklist, magnifying glass, inspection tools, quality badges, shield icons, warning triangles, protective barriers, safety nets, professional illustration, modern flat design style, clean and authoritative, high quality, blue and gray color scheme with accent colors, suitable for professional article header"
020,Article 107: AI Procurement – Contract Terms and Due Diligence,article-107-ai-procurement-contract-terms-and-due-diligence.md,IMAGE_PLACEHOLDER_article-107-ai-procurement-contract-terms-and-due-diligence,"circular process flow, development stages, iterative cycle visualization, professional illustration, modern flat design style, clean and authoritative, high quality, blue and gray color scheme with accent colors, suitable for professional article header"
021,Article 108: AI Training Programs – Building Organizational Capability,article-108-ai-training-programs-building-organizational-cap.md,IMAGE_PLACEHOLDER_article-108-ai-training-programs-building-organizational-cap,"circular process flow, development stages, iterative cycle visualization, learning path, educational icons, knowledge transfer visualization, professional illustration, modern flat design style, clean and authoritative, high quality, blue and gray color scheme with accent colors, suitable for professional article header"
022,Article 109: AI Governance Metrics – Measuring What Matters,article-109-ai-governance-metrics-measuring-what-matters.md,IMAGE_PLACEHOLDER_article-109-ai-governance-metrics-measuring-what-matters,"organizational structure, implementation roadmap, strategic planning elements, professional illustration, modern flat design style, clean and authoritative, high quality, blue and gray color scheme with accent colors, suitable for professional article header"
023,Article 11: The Data Behind AI – Why Training Data Determines Everything,article-11-the-data-behind-ai-why-training-data-determines-e.md,IMAGE_PLACEHOLDER_article-11-the-data-behind-ai-why-training-data-determines-e,"educational diagram showing AI concepts, neural network visualization, technology icons, data protection symbols, privacy locks, secure data flow, learning path, educational icons, knowledge transfer visualization, professional illustration, modern flat design style, clean and authoritative, high quality, blue and gray color scheme with accent colors, suitable for professional article header"
024,Article 110: Stakeholder Engagement – Building Trust Through Transparency,article-110-stakeholder-engagement-building-trust-through-tr.md,IMAGE_PLACEHOLDER_article-110-stakeholder-engagement-building-trust-through-tr,"organizational structure, implementation roadmap, strategic planning elements, transparent glass box revealing inner workings, light rays, clarity symbols, professional illustration, modern flat design style, clean and authoritative, high quality, blue and gray color scheme with accent colors, suitable for professional article header"
025,"Article 111: AI Communications – Disclosure, Notification, and Consent",article-111-ai-communications-disclosure-notification-and-co.md,IMAGE_PLACEHOLDER_article-111-ai-communications-disclosure-notification-and-co,"organizational structure, implementation roadmap, strategic planning elements, professional illustration, modern flat design style, clean and authoritative, high quality, blue and gray color scheme with accent colors, suitable for professional article header"
026,"Article 112: Integrating AI Risk – Security, Privacy, and Enterprise Risk",article-112-integrating-ai-risk-security-privacy-and-enterpr.md,IMAGE_PLACEHOLDER_article-112-integrating-ai-risk-security-privacy-and-enterpr,"balanced composition showing risk and safety elements, warning symbols with protective shields, data protection symbols, privacy locks, secure data flow, shield icons, warning triangles, protective barriers, safety nets, professional illustration, modern flat design style, clean and authoritative, high quality, blue and gray color scheme with accent colors, suitable for professional article header"
027,Article 113: The Three Lines Model for AI – Defense in Depth,article-113-the-three-lines-model-for-ai-defense-in-depth.md,IMAGE_PLACEHOLDER_article-113-the-three-lines-model-for-ai-defense-in-depth,"organizational structure, implementation roadmap, strategic planning elements, professional illustration, modern flat design style, clean and authoritative, high quality, blue and gray color scheme with accent colors, suitable for professional article header"
028,Article 114: AI Governance Tools – Software and Platforms,article-114-ai-governance-tools-software-and-platforms.md,IMAGE_PLACEHOLDER_article-114-ai-governance-tools-software-and-platforms,"organizational structure, implementation roadmap, strategic planning elements, professional illustration, modern flat design style, clean and authoritative, high quality, blue and gray color scheme with accent colors, suitable for professional article header"
029,Article 115: Scaling AI Governance – From Pilot to Enterprise-Wide,article-115-scaling-ai-governance-from-pilot-to-enterprise-w.md,IMAGE_PLACEHOLDER_article-115-scaling-ai-governance-from-pilot-to-enterprise-w,"organizational structure, implementation roadmap, strategic planning elements, professional illustration, modern flat design style, clean and authoritative, high quality, blue and gray color scheme with accent colors, suitable for professional article header"
030,"Article 116: AI Auditing Fundamentals – What, Why, and How",article-116-ai-auditing-fundamentals-what-why-and-how.md,IMAGE_PLACEHOLDER_article-116-ai-auditing-fundamentals-what-why-and-how,"audit checklist, magnifying glass over AI system, accountability chain visualization, checklist, magnifying glass, inspection tools, quality badges, professional illustration, modern flat design style, clean and authoritative, high quality, blue and gray color scheme with accent colors, suitable for professional article header"
031,"Article 117: AI Audit Planning – Scope, Criteria, and Methodology",article-117-ai-audit-planning-scope-criteria-and-methodology.md,IMAGE_PLACEHOLDER_article-117-ai-audit-planning-scope-criteria-and-methodology,"audit checklist, magnifying glass over AI system, accountability chain visualization, checklist, magnifying glass, inspection tools, quality badges, professional illustration, modern flat design style, clean and authoritative, high quality, blue and gray color scheme with accent colors, suitable for professional article header"
032,Article 118: AI Audit Evidence – What to Collect and Analyze,article-118-ai-audit-evidence-what-to-collect-and-analyze.md,IMAGE_PLACEHOLDER_article-118-ai-audit-evidence-what-to-collect-and-analyze,"audit checklist, magnifying glass over AI system, accountability chain visualization, checklist, magnifying glass, inspection tools, quality badges, professional illustration, modern flat design style, clean and authoritative, high quality, blue and gray color scheme with accent colors, suitable for professional article header"
033,Article 119: AI Audit Findings – Writing Effective Reports,article-119-ai-audit-findings-writing-effective-reports.md,IMAGE_PLACEHOLDER_article-119-ai-audit-findings-writing-effective-reports,"audit checklist, magnifying glass over AI system, accountability chain visualization, checklist, magnifying glass, inspection tools, quality badges, professional illustration, modern flat design style, clean and authoritative, high quality, blue and gray color scheme with accent colors, suitable for professional article header"
034,Article 12: Foundation Models – The New Building Blocks of AI,article-12-foundation-models-the-new-building-blocks-of-ai.md,IMAGE_PLACEHOLDER_article-12-foundation-models-the-new-building-blocks-of-ai,"educational diagram showing AI concepts, neural network visualization, technology icons, professional illustration, modern flat design style, clean and authoritative, high quality, blue and gray color scheme with accent colors, suitable for professional article header"
035,Article 120: Internal AI Audits – Building Capability In-House,article-120-internal-ai-audits-building-capability-in-house.md,IMAGE_PLACEHOLDER_article-120-internal-ai-audits-building-capability-in-house,"audit checklist, magnifying glass over AI system, accountability chain visualization, checklist, magnifying glass, inspection tools, quality badges, professional illustration, modern flat design style, clean and authoritative, high quality, blue and gray color scheme with accent colors, suitable for professional article header"
036,Article 121: External AI Audits – When and Why to Bring in Experts,article-121-external-ai-audits-when-and-why-to-bring-in-expe.md,IMAGE_PLACEHOLDER_article-121-external-ai-audits-when-and-why-to-bring-in-expe,"audit checklist, magnifying glass over AI system, accountability chain visualization, checklist, magnifying glass, inspection tools, quality badges, professional illustration, modern flat design style, clean and authoritative, high quality, blue and gray color scheme with accent colors, suitable for professional article header"
037,Article 122: Algorithmic Auditing – Technical Assessment Methods,article-122-algorithmic-auditing-technical-assessment-method.md,IMAGE_PLACEHOLDER_article-122-algorithmic-auditing-technical-assessment-method,"audit checklist, magnifying glass over AI system, accountability chain visualization, checklist, magnifying glass, inspection tools, quality badges, professional illustration, modern flat design style, clean and authoritative, high quality, blue and gray color scheme with accent colors, suitable for professional article header"
038,Article 123: AI Conformity Assessment – Meeting EU AI Act Requirements,article-123-ai-conformity-assessment-meeting-eu-ai-act-requi.md,IMAGE_PLACEHOLDER_article-123-ai-conformity-assessment-meeting-eu-ai-act-requi,"audit checklist, magnifying glass over AI system, accountability chain visualization, checklist, magnifying glass, inspection tools, quality badges, European Union flag colors, EU stars, professional illustration, modern flat design style, clean and authoritative, high quality, blue and gray color scheme with accent colors, suitable for professional article header"
039,Article 124: Continuous AI Monitoring – Beyond Point-in-Time Audits,article-124-continuous-ai-monitoring-beyond-point-in-time-au.md,IMAGE_PLACEHOLDER_article-124-continuous-ai-monitoring-beyond-point-in-time-au,"audit checklist, magnifying glass over AI system, accountability chain visualization, checklist, magnifying glass, inspection tools, quality badges, professional illustration, modern flat design style, clean and authoritative, high quality, blue and gray color scheme with accent colors, suitable for professional article header"
040,Article 125: AI Audit Automation – Tools and Techniques,article-125-ai-audit-automation-tools-and-techniques.md,IMAGE_PLACEHOLDER_article-125-ai-audit-automation-tools-and-techniques,"audit checklist, magnifying glass over AI system, accountability chain visualization, checklist, magnifying glass, inspection tools, quality badges, professional illustration, modern flat design style, clean and authoritative, high quality, blue and gray color scheme with accent colors, suitable for professional article header label: Article Hero Image section: Header id: image"
041,Article 126: The AI Auditor Profession – Certifications and Career Paths,article-126-the-ai-auditor-profession-certifications-and-car.md,IMAGE_PLACEHOLDER_article-126-the-ai-auditor-profession-certifications-and-car,"audit checklist, magnifying glass over AI system, accountability chain visualization, checklist, magnifying glass, inspection tools, quality badges, professional illustration, modern flat design style, clean and authoritative, high quality, blue and gray color scheme with accent colors, suitable for professional article header"
042,"Article 127: Artificial General Intelligence – Hype, Hope, and Governance",article-127-artificial-general-intelligence-hype-hope-and-go.md,IMAGE_PLACEHOLDER_article-127-artificial-general-intelligence-hype-hope-and-go,"futuristic technology, forward-looking perspective, emerging trends visualization, professional illustration, modern flat design style, clean and authoritative, high quality, blue and gray color scheme with accent colors, suitable for professional article header"
043,Article 128: AI Existential Risk – Separating Signal from Noise,article-128-ai-existential-risk-separating-signal-from-noise.md,IMAGE_PLACEHOLDER_article-128-ai-existential-risk-separating-signal-from-noise,"balanced composition showing risk and safety elements, warning symbols with protective shields, shield icons, warning triangles, protective barriers, safety nets, professional illustration, modern flat design style, clean and authoritative, high quality, blue and gray color scheme with accent colors, suitable for professional article header"
044,Article 129: AI and National Security – The Geopolitical Dimension,article-129-ai-and-national-security-the-geopolitical-dimens.md,IMAGE_PLACEHOLDER_article-129-ai-and-national-security-the-geopolitical-dimens,"futuristic technology, forward-looking perspective, emerging trends visualization, shield icons, warning triangles, protective barriers, safety nets, professional illustration, modern flat design style, clean and authoritative, high quality, blue and gray color scheme with accent colors, suitable for professional article header"
045,"Article 13: Multimodal AI – When Machines See, Hear, and Speak",article-13-multimodal-ai-when-machines-see-hear-and-speak.md,IMAGE_PLACEHOLDER_article-13-multimodal-ai-when-machines-see-hear-and-speak,"balanced composition showing risk and safety elements, warning symbols with protective shields, professional illustration, modern flat design style, clean and authoritative, high quality, blue and gray color scheme with accent colors, suitable for professional article header"
046,Article 130: AI Concentration of Power – Big Tech and the AI Oligopoly,article-130-ai-concentration-of-power-big-tech-and-the-ai-ol.md,IMAGE_PLACEHOLDER_article-130-ai-concentration-of-power-big-tech-and-the-ai-ol,"futuristic technology, forward-looking perspective, emerging trends visualization, professional illustration, modern flat design style, clean and authoritative, high quality, blue and gray color scheme with accent colors, suitable for professional article header"
047,"Article 131: Open Source AI – Benefits, Risks, and Governance",article-131-open-source-ai-benefits-risks-and-governance.md,IMAGE_PLACEHOLDER_article-131-open-source-ai-benefits-risks-and-governance,"balanced composition showing risk and safety elements, warning symbols with protective shields, shield icons, warning triangles, protective barriers, safety nets, professional illustration, modern flat design style, clean and authoritative, high quality, blue and gray color scheme with accent colors, suitable for professional article header"
048,Article 132: AI and Copyright – The Unresolved Legal Questions,article-132-ai-and-copyright-the-unresolved-legal-questions.md,IMAGE_PLACEHOLDER_article-132-ai-and-copyright-the-unresolved-legal-questions,"legal documents, scales of justice, regulatory framework visualization, government buildings, legal documents, regulatory symbols, compliance checkmarks, professional illustration, modern flat design style, clean and authoritative, high quality, blue and gray color scheme with accent colors, suitable for professional article header"
049,Article 133: AI-Generated Content – Authenticity and Attribution,article-133-ai-generated-content-authenticity-and-attributio.md,IMAGE_PLACEHOLDER_article-133-ai-generated-content-authenticity-and-attributio,"circular process flow, development stages, iterative cycle visualization, professional illustration, modern flat design style, clean and authoritative, high quality, blue and gray color scheme with accent colors, suitable for professional article header"
050,Article 134: AI and Elections – Protecting Democratic Processes,article-134-ai-and-elections-protecting-democratic-processes.md,IMAGE_PLACEHOLDER_article-134-ai-and-elections-protecting-democratic-processes,"industry-specific icons, sector applications, business context, professional illustration, modern flat design style, clean and authoritative, high quality, blue and gray color scheme with accent colors, suitable for professional article header"
051,Article 135: AI Consciousness – Philosophical and Practical Implications,article-135-ai-consciousness-philosophical-and-practical-imp.md,IMAGE_PLACEHOLDER_article-135-ai-consciousness-philosophical-and-practical-imp,"futuristic technology, forward-looking perspective, emerging trends visualization, professional illustration, modern flat design style, clean and authoritative, high quality, blue and gray color scheme with accent colors, suitable for professional article header"
052,Article 136: The Future of AI Regulation – What,article-136-the-future-of-ai-regulation-whats-coming-next.md,IMAGE_PLACEHOLDER_article-136-the-future-of-ai-regulation-whats-coming-next,"legislative building, legal codes, international flags, compliance checkmarks, legal documents, regulatory symbols, compliance checkmarks, professional illustration, modern flat design style, clean and authoritative, high quality, blue and gray color scheme with accent colors, suitable for professional article header"
053,Article 137: AI Governance Careers – Building Your Professional Path,article-137-ai-governance-careers-building-your-professional.md,IMAGE_PLACEHOLDER_article-137-ai-governance-careers-building-your-professional,"organizational structure, implementation roadmap, strategic planning elements, professional illustration, modern flat design style, clean and authoritative, high quality, blue and gray color scheme with accent colors, suitable for professional article header"
054,Article 138: Becoming an AI Governance Leader – Skills for the Future,article-138-becoming-an-ai-governance-leader-skills-for-the-.md,IMAGE_PLACEHOLDER_article-138-becoming-an-ai-governance-leader-skills-for-the-,"organizational structure, implementation roadmap, strategic planning elements, professional illustration, modern flat design style, clean and authoritative, high quality, blue and gray color scheme with accent colors, suitable for professional article header"
055,Article 139: AI in Healthcare – Regulatory Landscape and Best Practices,article-139-ai-in-healthcare-regulatory-landscape-and-best-p.md,IMAGE_PLACEHOLDER_article-139-ai-in-healthcare-regulatory-landscape-and-best-p,"industry-specific icons, sector applications, business context, professional illustration, modern flat design style, clean and authoritative, high quality, blue and gray color scheme with accent colors, suitable for professional article header"
056,Article 14: AI Compute – Why GPUs Rule the AI World,article-14-ai-compute-why-gpus-rule-the-ai-world.md,IMAGE_PLACEHOLDER_article-14-ai-compute-why-gpus-rule-the-ai-world,"educational diagram showing AI concepts, neural network visualization, technology icons, professional illustration, modern flat design style, clean and authoritative, high quality, blue and gray color scheme with accent colors, suitable for professional article header"
057,Article 140: AI in Financial Services – Compliance and Risk Management,article-140-ai-in-financial-services-compliance-and-risk-man.md,IMAGE_PLACEHOLDER_article-140-ai-in-financial-services-compliance-and-risk-man,"industry-specific icons, sector applications, business context, shield icons, warning triangles, protective barriers, safety nets, legal documents, regulatory symbols, compliance checkmarks, professional illustration, modern flat design style, clean and authoritative, high quality, blue and gray color scheme with accent colors, suitable for professional article header"
058,"Article 141: AI in Insurance – Fairness, Pricing, and Claims",article-141-ai-in-insurance-fairness-pricing-and-claims.md,IMAGE_PLACEHOLDER_article-141-ai-in-insurance-fairness-pricing-and-claims,"industry-specific icons, sector applications, business context, balanced scales, diverse people silhouettes, equality symbols, professional illustration, modern flat design style, clean and authoritative, high quality, blue and gray color scheme with accent colors, suitable for professional article header"
059,"Article 142: AI in Human Resources – Hiring, Performance, and Retention",article-142-ai-in-human-resources-hiring-performance-and-ret.md,IMAGE_PLACEHOLDER_article-142-ai-in-human-resources-hiring-performance-and-ret,"industry-specific icons, sector applications, business context, professional illustration, modern flat design style, clean and authoritative, high quality, blue and gray color scheme with accent colors, suitable for professional article header"
060,Article 143: AI in Marketing – Personalization and Privacy,article-143-ai-in-marketing-personalization-and-privacy.md,IMAGE_PLACEHOLDER_article-143-ai-in-marketing-personalization-and-privacy,"industry-specific icons, sector applications, business context, data protection symbols, privacy locks, secure data flow, professional illustration, modern flat design style, clean and authoritative, high quality, blue and gray color scheme with accent colors, suitable for professional article header"
061,Article 144: AI in Education – Opportunities and Ethical Concerns,article-144-ai-in-education-opportunities-and-ethical-concer.md,IMAGE_PLACEHOLDER_article-144-ai-in-education-opportunities-and-ethical-concer,"industry-specific icons, sector applications, business context, learning path, educational icons, knowledge transfer visualization, professional illustration, modern flat design style, clean and authoritative, high quality, blue and gray color scheme with accent colors, suitable for professional article header"
062,Article 145: AI in Criminal Justice – Risk Assessment and Civil Liberties,article-145-ai-in-criminal-justice-risk-assessment-and-civil.md,IMAGE_PLACEHOLDER_article-145-ai-in-criminal-justice-risk-assessment-and-civil,"balanced composition showing risk and safety elements, warning symbols with protective shields, checklist, magnifying glass, inspection tools, quality badges, shield icons, warning triangles, protective barriers, safety nets, professional illustration, modern flat design style, clean and authoritative, high quality, blue and gray color scheme with accent colors, suitable for professional article header"
063,Article 146: AI in Government – Public Sector Implementation,article-146-ai-in-government-public-sector-implementation.md,IMAGE_PLACEHOLDER_article-146-ai-in-government-public-sector-implementation,"industry-specific icons, sector applications, business context, deployment pipeline, implementation stages, production environment, professional illustration, modern flat design style, clean and authoritative, high quality, blue and gray color scheme with accent colors, suitable for professional article header"
064,"Article 147: AI in Autonomous Vehicles – Safety, Liability, and Regulation",article-147-ai-in-autonomous-vehicles-safety-liability-and-r.md,IMAGE_PLACEHOLDER_article-147-ai-in-autonomous-vehicles-safety-liability-and-r,"balanced composition showing risk and safety elements, warning symbols with protective shields, shield icons, warning triangles, protective barriers, safety nets, legal documents, regulatory symbols, compliance checkmarks, professional illustration, modern flat design style, clean and authoritative, high quality, blue and gray color scheme with accent colors, suitable for professional article header"
065,Article 148: AI in Content Moderation – Platforms and Free Speech,article-148-ai-in-content-moderation-platforms-and-free-spee.md,IMAGE_PLACEHOLDER_article-148-ai-in-content-moderation-platforms-and-free-spee,"industry-specific icons, sector applications, business context, professional illustration, modern flat design style, clean and authoritative, high quality, blue and gray color scheme with accent colors, suitable for professional article header"
066,Article 149: AI in Media – Disney Handing Over Characters to OpenAI,article-149-ai-in-media-disney-handing-over-characters-to-op.md,IMAGE_PLACEHOLDER_article-149-ai-in-media-disney-handing-over-characters-to-op,"balanced composition showing risk and safety elements, warning symbols with protective shields, professional illustration, modern flat design style, clean and authoritative, high quality, blue and gray color scheme with accent colors, suitable for professional article header"
067,Article 149: How to Write an AI Policy — A Template-Based Guide,article-149-how-to-write-an-ai-policy-a-template-based-guide.md,IMAGE_PLACEHOLDER_article-149-how-to-write-an-ai-policy-a-template-based-guide,"organizational structure, implementation roadmap, strategic planning elements, professional illustration, modern flat design style, clean and authoritative, high quality, blue and gray color scheme with accent colors, suitable for professional article header"
068,"Article 15: The Environmental Cost of AI – Data Centers, Energy, and Sustainability",article-15-the-environmental-cost-of-ai-data-centers-energy-.md,IMAGE_PLACEHOLDER_article-15-the-environmental-cost-of-ai-data-centers-energy-,"educational diagram showing AI concepts, neural network visualization, technology icons, data protection symbols, privacy locks, secure data flow, professional illustration, modern flat design style, clean and authoritative, high quality, blue and gray color scheme with accent colors, suitable for professional article header"
069,Article 150: AI in Fraud Detection – Financial Crime and Insurance Fraud,article-150-ai-in-fraud-detection-financial-crime-and-insura.md,IMAGE_PLACEHOLDER_article-150-ai-in-fraud-detection-financial-crime-and-insura,"industry-specific icons, sector applications, business context, professional illustration, modern flat design style, clean and authoritative, high quality, blue and gray color scheme with accent colors, suitable for professional article header"
070,Article 150: How to Conduct an AI Impact Assessment — Step by Step,article-150-how-to-conduct-an-ai-impact-assessment-step-by-s.md,IMAGE_PLACEHOLDER_article-150-how-to-conduct-an-ai-impact-assessment-step-by-s,"audit checklist, magnifying glass over AI system, accountability chain visualization, checklist, magnifying glass, inspection tools, quality badges, professional illustration, modern flat design style, clean and authoritative, high quality, blue and gray color scheme with accent colors, suitable for professional article header"
071,Article 151: AI in Advertising – User Information Concerns,article-151-ai-in-advertising-user-information-concerns.md,IMAGE_PLACEHOLDER_article-151-ai-in-advertising-user-information-concerns,"educational diagram showing AI concepts, neural network visualization, technology icons, professional illustration, modern flat design style, clean and authoritative, high quality, blue and gray color scheme with accent colors, suitable for professional article header"
072,Article 151: How to Build a Model Card — Documentation Best Practices,article-151-how-to-build-a-model-card-documentation-best-pra.md,IMAGE_PLACEHOLDER_article-151-how-to-build-a-model-card-documentation-best-pra,"educational diagram showing AI concepts, neural network visualization, technology icons, professional illustration, modern flat design style, clean and authoritative, high quality, blue and gray color scheme with accent colors, suitable for professional article header"
073,Article 152: AI in Innovation – Potential Ideas and Future Applications,article-152-ai-in-innovation-potential-ideas-and-future-appl.md,IMAGE_PLACEHOLDER_article-152-ai-in-innovation-potential-ideas-and-future-appl,"futuristic technology, forward-looking perspective, emerging trends visualization, professional illustration, modern flat design style, clean and authoritative, high quality, blue and gray color scheme with accent colors, suitable for professional article header"
074,Article 152: How to Perform a Bias Audit — Methodology and Tools,article-152-how-to-perform-a-bias-audit-methodology-and-tool.md,IMAGE_PLACEHOLDER_article-152-how-to-perform-a-bias-audit-methodology-and-tool,"step-by-step guide visualization, practical tools, how-to diagram, checklist, magnifying glass, inspection tools, quality badges, balanced scales, diverse people silhouettes, equality symbols, professional illustration, modern flat design style, clean and authoritative, high quality, blue and gray color scheme with accent colors, suitable for professional article header label: Article Hero Image section: Header id: image"
075,"Article 153: AI as Therapist and Support Tool – Risks, Pitfalls, and Challenges",article-153-ai-as-therapist-and-support-tool-risks-pitfalls-.md,IMAGE_PLACEHOLDER_article-153-ai-as-therapist-and-support-tool-risks-pitfalls-,"balanced composition showing risk and safety elements, warning symbols with protective shields, shield icons, warning triangles, protective barriers, safety nets, professional illustration, modern flat design style, clean and authoritative, high quality, blue and gray color scheme with accent colors, suitable for professional article header"
076,Article 153: How to Create an AI Ethics Review Process,article-153-how-to-create-an-ai-ethics-review-process.md,IMAGE_PLACEHOLDER_article-153-how-to-create-an-ai-ethics-review-process,"organizational structure, implementation roadmap, strategic planning elements, professional illustration, modern flat design style, clean and authoritative, high quality, blue and gray color scheme with accent colors, suitable for professional article header"
077,Article 154: How to Respond to an AI Incident — Playbook and Checklist,article-154-how-to-respond-to-an-ai-incident-playbook-and-ch.md,IMAGE_PLACEHOLDER_article-154-how-to-respond-to-an-ai-incident-playbook-and-ch,"step-by-step guide visualization, practical tools, how-to diagram, professional illustration, modern flat design style, clean and authoritative, high quality, blue and gray color scheme with accent colors, suitable for professional article header"
078,Article 155: How to Evaluate AI Vendors — Due Diligence Framework,article-155-how-to-evaluate-ai-vendors-due-diligence-framewo.md,IMAGE_PLACEHOLDER_article-155-how-to-evaluate-ai-vendors-due-diligence-framewo,"educational diagram showing AI concepts, neural network visualization, technology icons, structured framework diagram, building blocks, architectural blueprint, professional illustration, modern flat design style, clean and authoritative, high quality, blue and gray color scheme with accent colors, suitable for professional article header"
079,Article 156: How to Communicate About AI — Stakeholder Communications Guide,article-156-how-to-communicate-about-ai-stakeholder-communic.md,IMAGE_PLACEHOLDER_article-156-how-to-communicate-about-ai-stakeholder-communic,"step-by-step guide visualization, practical tools, how-to diagram, professional illustration, modern flat design style, clean and authoritative, high quality, blue and gray color scheme with accent colors, suitable for professional article header"
080,Article 157: How to Build an AI Governance Roadmap — Strategic Planning Guide,article-157-how-to-build-an-ai-governance-roadmap-strategic-.md,IMAGE_PLACEHOLDER_article-157-how-to-build-an-ai-governance-roadmap-strategic-,"step-by-step guide visualization, practical tools, how-to diagram, structured framework diagram, building blocks, architectural blueprint, roadmap visualization, strategic planning elements, milestone markers, professional illustration, modern flat design style, clean and authoritative, high quality, blue and gray color scheme with accent colors, suitable for professional article header label: Article Hero Image section: Header id: image"
081,Article 158: How to Pass the AIGP Certification — Complete Study Guide,article-158-how-to-pass-the-aigp-certification-complete-stud.md,IMAGE_PLACEHOLDER_article-158-how-to-pass-the-aigp-certification-complete-stud,"balanced composition showing risk and safety elements, warning symbols with protective shields, professional illustration, modern flat design style, clean and authoritative, high quality, blue and gray color scheme with accent colors, suitable for professional article header"
082,Article 36: The Legal Patchwork – Existing Laws That Apply to AI,article-36-the-legal-patchwork-existing-laws-that-apply-to-a.md,IMAGE_PLACEHOLDER_article-36-the-legal-patchwork-existing-laws-that-apply-to-a,"legal documents, scales of justice, regulatory framework visualization, government buildings, legal documents, regulatory symbols, compliance checkmarks, professional illustration, modern flat design style, clean and authoritative, high quality, blue and gray color scheme with accent colors, suitable for professional article header"
083,Article 37: Consumer Protection and AI – FTC Section 5 Explained,article-37-consumer-protection-and-ai-ftc-section-5-explaine.md,IMAGE_PLACEHOLDER_article-37-consumer-protection-and-ai-ftc-section-5-explaine,"educational diagram showing AI concepts, neural network visualization, technology icons, professional illustration, modern flat design style, clean and authoritative, high quality, blue and gray color scheme with accent colors, suitable for professional article header"
084,Article 38: Anti-Discrimination Laws and AI – Civil Rights in the Algorithm,article-38-anti-discrimination-laws-and-ai-civil-rights-in-t.md,IMAGE_PLACEHOLDER_article-38-anti-discrimination-laws-and-ai-civil-rights-in-t,"legal documents, scales of justice, regulatory framework visualization, government buildings, balanced scales, diverse people silhouettes, equality symbols, legal documents, regulatory symbols, compliance checkmarks, professional illustration, modern flat design style, clean and authoritative, high quality, blue and gray color scheme with accent colors, suitable for professional article header"
085,Article 39: AI and Employment Law – Hiring Algorithms Under Scrutiny,article-39-ai-and-employment-law-hiring-algorithms-under-scr.md,IMAGE_PLACEHOLDER_article-39-ai-and-employment-law-hiring-algorithms-under-scr,"legal documents, scales of justice, regulatory framework visualization, government buildings, legal documents, regulatory symbols, compliance checkmarks, professional illustration, modern flat design style, clean and authoritative, high quality, blue and gray color scheme with accent colors, suitable for professional article header"
086,Article 40: Product Liability for AI – When Software Causes Harm,article-40-product-liability-for-ai-when-software-causes-har.md,IMAGE_PLACEHOLDER_article-40-product-liability-for-ai-when-software-causes-har,"legal documents, scales of justice, regulatory framework visualization, government buildings, professional illustration, modern flat design style, clean and authoritative, high quality, blue and gray color scheme with accent colors, suitable for professional article header"
087,"Article 41: AI and Intellectual Property – Copyright, Patents, and Training",article-41-ai-and-intellectual-property-copyright-patents-an.md,IMAGE_PLACEHOLDER_article-41-ai-and-intellectual-property-copyright-patents-an,"legal documents, scales of justice, regulatory framework visualization, government buildings, data protection symbols, privacy locks, secure data flow, learning path, educational icons, knowledge transfer visualization, professional illustration, modern flat design style, clean and authoritative, high quality, blue and gray color scheme with accent colors, suitable for professional article header"
088,Article 42: GDPR Meets AI – Europe,article-42-gdpr-meets-ai-europes-privacy-framework-applied.md,IMAGE_PLACEHOLDER_article-42-gdpr-meets-ai-europes-privacy-framework-applied,"educational diagram showing AI concepts, neural network visualization, technology icons, data protection symbols, privacy locks, secure data flow, structured framework diagram, building blocks, architectural blueprint, European Union flag colors, EU stars, professional illustration, modern flat design style, clean and authoritative, high quality, blue and gray color scheme with accent colors, suitable for professional article header"
089,Article 43: Automated Decision-Making – Understanding GDPR Article 22,article-43-automated-decision-making-understanding-gdpr-arti.md,IMAGE_PLACEHOLDER_article-43-automated-decision-making-understanding-gdpr-arti,"legal documents, scales of justice, regulatory framework visualization, government buildings, data protection symbols, privacy locks, secure data flow, European Union flag colors, EU stars, professional illustration, modern flat design style, clean and authoritative, high quality, blue and gray color scheme with accent colors, suitable for professional article header"
090,Article 44: Data Protection Impact Assessments – The AI DPIA Guide,article-44-data-protection-impact-assessments-the-ai-dpia-gu.md,IMAGE_PLACEHOLDER_article-44-data-protection-impact-assessments-the-ai-dpia-gu,"educational diagram showing AI concepts, neural network visualization, technology icons, data protection symbols, privacy locks, secure data flow, checklist, magnifying glass, inspection tools, quality badges, professional illustration, modern flat design style, clean and authoritative, high quality, blue and gray color scheme with accent colors, suitable for professional article header"
091,Article 45: The Right to Explanation – What GDPR Actually Requires,article-45-the-right-to-explanation-what-gdpr-actually-requi.md,IMAGE_PLACEHOLDER_article-45-the-right-to-explanation-what-gdpr-actually-requi,"legal documents, scales of justice, regulatory framework visualization, government buildings, data protection symbols, privacy locks, secure data flow, European Union flag colors, EU stars, professional illustration, modern flat design style, clean and authoritative, high quality, blue and gray color scheme with accent colors, suitable for professional article header"
092,Article 46: AI and HIPAA – Healthcare Privacy Implications,article-46-ai-and-hipaa-healthcare-privacy-implications.md,IMAGE_PLACEHOLDER_article-46-ai-and-hipaa-healthcare-privacy-implications,"educational diagram showing AI concepts, neural network visualization, technology icons, data protection symbols, privacy locks, secure data flow, professional illustration, modern flat design style, clean and authoritative, high quality, blue and gray color scheme with accent colors, suitable for professional article header"
093,Article 47: Financial Services AI – Regulatory Requirements Explained,article-47-financial-services-ai-regulatory-requirements-exp.md,IMAGE_PLACEHOLDER_article-47-financial-services-ai-regulatory-requirements-exp,"industry-specific icons, sector applications, business context, professional illustration, modern flat design style, clean and authoritative, high quality, blue and gray color scheme with accent colors, suitable for professional article header"
094,Article 48: AI in Insurance – Fairness and Discrimination Concerns,article-48-ai-in-insurance-fairness-and-discrimination-conce.md,IMAGE_PLACEHOLDER_article-48-ai-in-insurance-fairness-and-discrimination-conce,"balanced composition showing risk and safety elements, warning symbols with protective shields, balanced scales, diverse people silhouettes, equality symbols, professional illustration, modern flat design style, clean and authoritative, high quality, blue and gray color scheme with accent colors, suitable for professional article header"
095,Article 49: Who Pays When AI Fails? – The Liability Reform Debate,article-49-who-pays-when-ai-fails-the-liability-reform-debat.md,IMAGE_PLACEHOLDER_article-49-who-pays-when-ai-fails-the-liability-reform-debat,"legal documents, scales of justice, regulatory framework visualization, government buildings, professional illustration, modern flat design style, clean and authoritative, high quality, blue and gray color scheme with accent colors, suitable for professional article header"
096,Article 5: Strong vs. Weak AI – Why the Difference Matters for Governance,article-5-strong-vs-weak-ai-why-the-difference-matters-for-g.md,IMAGE_PLACEHOLDER_article-5-strong-vs-weak-ai-why-the-difference-matters-for-g,"organizational structure, implementation roadmap, strategic planning elements, professional illustration, modern flat design style, clean and authoritative, high quality, blue and gray color scheme with accent colors, suitable for professional article header"
097,Article 50: The EU AI Liability Directive – Shifting the Burden,article-50-the-eu-ai-liability-directive-shifting-the-burden.md,IMAGE_PLACEHOLDER_article-50-the-eu-ai-liability-directive-shifting-the-burden,"legal documents, scales of justice, regulatory framework visualization, government buildings, European Union flag colors, EU stars, professional illustration, modern flat design style, clean and authoritative, high quality, blue and gray color scheme with accent colors, suitable for professional article header"
098,Article 51: The EU AI Act – Europe,article-51-the-eu-ai-act-europes-landmark-regulation-explain.md,IMAGE_PLACEHOLDER_article-51-the-eu-ai-act-europes-landmark-regulation-explain,"legislative building, legal codes, international flags, compliance checkmarks, legal documents, regulatory symbols, compliance checkmarks, European Union flag colors, EU stars, professional illustration, modern flat design style, clean and authoritative, high quality, blue and gray color scheme with accent colors, suitable for professional article header"
099,"Article 52: EU AI Act Risk Classification – Prohibited, High-Risk, and Beyond",article-52-eu-ai-act-risk-classification-prohibited-high-ris.md,IMAGE_PLACEHOLDER_article-52-eu-ai-act-risk-classification-prohibited-high-ris,"balanced composition showing risk and safety elements, warning symbols with protective shields, shield icons, warning triangles, protective barriers, safety nets, European Union flag colors, EU stars, professional illustration, modern flat design style, clean and authoritative, high quality, blue and gray color scheme with accent colors, suitable for professional article header"
100,Article 53: High-Risk AI Systems – The Complete Requirements Checklist,article-53-high-risk-ai-systems-the-complete-requirements-ch.md,IMAGE_PLACEHOLDER_article-53-high-risk-ai-systems-the-complete-requirements-ch,"balanced composition showing risk and safety elements, warning symbols with protective shields, shield icons, warning triangles, protective barriers, safety nets, professional illustration, modern flat design style, clean and authoritative, high quality, blue and gray color scheme with accent colors, suitable for professional article header"
101,Article 54: Foundation Model Obligations – What the EU AI Act Requires,article-54-foundation-model-obligations-what-the-eu-ai-act-r.md,IMAGE_PLACEHOLDER_article-54-foundation-model-obligations-what-the-eu-ai-act-r,"educational diagram showing AI concepts, neural network visualization, technology icons, European Union flag colors, EU stars, professional illustration, modern flat design style, clean and authoritative, high quality, blue and gray color scheme with accent colors, suitable for professional article header"
102,Article 55: EU AI Act Enforcement – Penalties and Compliance Timelines,article-55-eu-ai-act-enforcement-penalties-and-compliance-ti.md,IMAGE_PLACEHOLDER_article-55-eu-ai-act-enforcement-penalties-and-compliance-ti,"legislative building, legal codes, international flags, compliance checkmarks, legal documents, regulatory symbols, compliance checkmarks, European Union flag colors, EU stars, professional illustration, modern flat design style, clean and authoritative, high quality, blue and gray color scheme with accent colors, suitable for professional article header"
103,Article 56: Canada,article-56-canadas-aida-the-artificial-intelligence-and-data.md,IMAGE_PLACEHOLDER_article-56-canadas-aida-the-artificial-intelligence-and-data,"legislative building, legal codes, international flags, compliance checkmarks, data protection symbols, privacy locks, secure data flow, professional illustration, modern flat design style, clean and authoritative, high quality, blue and gray color scheme with accent colors, suitable for professional article header"
104,Article 57: US State AI Laws – The Patchwork Approach,article-57-us-state-ai-laws-the-patchwork-approach.md,IMAGE_PLACEHOLDER_article-57-us-state-ai-laws-the-patchwork-approach,"legal documents, scales of justice, regulatory framework visualization, government buildings, legal documents, regulatory symbols, compliance checkmarks, professional illustration, modern flat design style, clean and authoritative, high quality, blue and gray color scheme with accent colors, suitable for professional article header"
105,Article 58: Colorado AI Act – Consumer Protection for Algorithmic Decisions,article-58-colorado-ai-act-consumer-protection-for-algorithm.md,IMAGE_PLACEHOLDER_article-58-colorado-ai-act-consumer-protection-for-algorithm,"legal documents, scales of justice, regulatory framework visualization, government buildings, professional illustration, modern flat design style, clean and authoritative, high quality, blue and gray color scheme with accent colors, suitable for professional article header"
106,Article 59: NYC Local Law 144 – Automated Employment Decision Tools,article-59-nyc-local-law-144-automated-employment-decision-t.md,IMAGE_PLACEHOLDER_article-59-nyc-local-law-144-automated-employment-decision-t,"legal documents, scales of justice, regulatory framework visualization, government buildings, legal documents, regulatory symbols, compliance checkmarks, professional illustration, modern flat design style, clean and authoritative, high quality, blue and gray color scheme with accent colors, suitable for professional article header"
107,Article 60: California AI Regulations – The Golden State,article-60-california-ai-regulations-the-golden-states-appro.md,IMAGE_PLACEHOLDER_article-60-california-ai-regulations-the-golden-states-appro,"legislative building, legal codes, international flags, compliance checkmarks, legal documents, regulatory symbols, compliance checkmarks, professional illustration, modern flat design style, clean and authoritative, high quality, blue and gray color scheme with accent colors, suitable for professional article header"
108,Article 61: China,article-61-chinas-ai-governance-a-different-model.md,IMAGE_PLACEHOLDER_article-61-chinas-ai-governance-a-different-model,"organizational structure, implementation roadmap, strategic planning elements, professional illustration, modern flat design style, clean and authoritative, high quality, blue and gray color scheme with accent colors, suitable for professional article header"
109,Article 62: Singapore,article-62-singapores-ai-framework-the-business-friendly-app.md,IMAGE_PLACEHOLDER_article-62-singapores-ai-framework-the-business-friendly-app,"legislative building, legal codes, international flags, compliance checkmarks, structured framework diagram, building blocks, architectural blueprint, professional illustration, modern flat design style, clean and authoritative, high quality, blue and gray color scheme with accent colors, suitable for professional article header"
110,Article 63: Brazil,article-63-brazils-ai-bill-regulation-in-latin-america.md,IMAGE_PLACEHOLDER_article-63-brazils-ai-bill-regulation-in-latin-america,"legislative building, legal codes, international flags, compliance checkmarks, legal documents, regulatory symbols, compliance checkmarks, professional illustration, modern flat design style, clean and authoritative, high quality, blue and gray color scheme with accent colors, suitable for professional article header"
111,Article 64: UK AI Regulation – The Pro-Innovation Framework,article-64-uk-ai-regulation-the-pro-innovation-framework.md,IMAGE_PLACEHOLDER_article-64-uk-ai-regulation-the-pro-innovation-framework,"legislative building, legal codes, international flags, compliance checkmarks, structured framework diagram, building blocks, architectural blueprint, legal documents, regulatory symbols, compliance checkmarks, professional illustration, modern flat design style, clean and authoritative, high quality, blue and gray color scheme with accent colors, suitable for professional article header"
112,Article 65: Global AI Law Tracker – Who,article-65-global-ai-law-tracker-whos-regulating-what.md,IMAGE_PLACEHOLDER_article-65-global-ai-law-tracker-whos-regulating-what,"balanced composition showing risk and safety elements, warning symbols with protective shields, legal documents, regulatory symbols, compliance checkmarks, professional illustration, modern flat design style, clean and authoritative, high quality, blue and gray color scheme with accent colors, suitable for professional article header"
113,Article 66: AI Regulatory Sandboxes – Testing Innovation Safely,article-66-ai-regulatory-sandboxes-testing-innovation-safely.md,IMAGE_PLACEHOLDER_article-66-ai-regulatory-sandboxes-testing-innovation-safely,"circular process flow, development stages, iterative cycle visualization, professional illustration, modern flat design style, clean and authoritative, high quality, blue and gray color scheme with accent colors, suitable for professional article header"
114,Article 67: Cross-Border AI Compliance – Navigating Multiple Jurisdictions,article-67-cross-border-ai-compliance-navigating-multiple-ju.md,IMAGE_PLACEHOLDER_article-67-cross-border-ai-compliance-navigating-multiple-ju,"legal documents, scales of justice, regulatory framework visualization, government buildings, legal documents, regulatory symbols, compliance checkmarks, professional illustration, modern flat design style, clean and authoritative, high quality, blue and gray color scheme with accent colors, suitable for professional article header"
115,Article 68: NIST AI Risk Management Framework – The Complete Guide,article-68-nist-ai-risk-management-framework-the-complete-gu.md,IMAGE_PLACEHOLDER_article-68-nist-ai-risk-management-framework-the-complete-gu,"framework diagram, interconnected standards, quality assurance symbols, certification badges, shield icons, warning triangles, protective barriers, safety nets, structured framework diagram, building blocks, architectural blueprint, professional illustration, modern flat design style, clean and authoritative, high quality, blue and gray color scheme with accent colors, suitable for professional article header"
116,"Article 69: NIST AI RMF Core Functions – Govern, Map, Measure, Manage",article-69-nist-ai-rmf-core-functions-govern-map-measure-man.md,IMAGE_PLACEHOLDER_article-69-nist-ai-rmf-core-functions-govern-map-measure-man,"framework diagram, interconnected standards, quality assurance symbols, certification badges, structured framework diagram, building blocks, architectural blueprint, professional illustration, modern flat design style, clean and authoritative, high quality, blue and gray color scheme with accent colors, suitable for professional article header"
117,Article 7: Deep Learning Decoded – Neural Networks for Non-Engineers,article-7-deep-learning-decoded-neural-networks-for-non-engi.md,IMAGE_PLACEHOLDER_article-7-deep-learning-decoded-neural-networks-for-non-engi,"educational diagram showing AI concepts, neural network visualization, technology icons, learning path, educational icons, knowledge transfer visualization, European Union flag colors, EU stars, professional illustration, modern flat design style, clean and authoritative, high quality, blue and gray color scheme with accent colors, suitable for professional article header"
118,Article 70: ISO/IEC 42001 – The AI Management System Standard,article-70-isoiec-42001-the-ai-management-system-standard.md,IMAGE_PLACEHOLDER_article-70-isoiec-42001-the-ai-management-system-standard,"framework diagram, interconnected standards, quality assurance symbols, certification badges, structured framework diagram, building blocks, architectural blueprint, professional illustration, modern flat design style, clean and authoritative, high quality, blue and gray color scheme with accent colors, suitable for professional article header"
119,Article 71: ISO 31000 for AI – Applying Risk Management Principles,article-71-iso-31000-for-ai-applying-risk-management-princip.md,IMAGE_PLACEHOLDER_article-71-iso-31000-for-ai-applying-risk-management-princip,"framework diagram, interconnected standards, quality assurance symbols, certification badges, shield icons, warning triangles, protective barriers, safety nets, structured framework diagram, building blocks, architectural blueprint, professional illustration, modern flat design style, clean and authoritative, high quality, blue and gray color scheme with accent colors, suitable for professional article header"
120,Article 72: IEEE 7000 – Ethical Design for AI Systems,article-72-ieee-7000-ethical-design-for-ai-systems.md,IMAGE_PLACEHOLDER_article-72-ieee-7000-ethical-design-for-ai-systems,"framework diagram, interconnected standards, quality assurance symbols, certification badges, professional illustration, modern flat design style, clean and authoritative, high quality, blue and gray color scheme with accent colors, suitable for professional article header"
121,Article 73: The Singapore Model AI Governance Framework – Practical Implementation,article-73-the-singapore-model-ai-governance-framework-pract.md,IMAGE_PLACEHOLDER_article-73-the-singapore-model-ai-governance-framework-pract,"organizational structure, implementation roadmap, strategic planning elements, structured framework diagram, building blocks, architectural blueprint, deployment pipeline, implementation stages, production environment, professional illustration, modern flat design style, clean and authoritative, high quality, blue and gray color scheme with accent colors, suitable for professional article header"
122,Article 74: Algorithmic Impact Assessments – A Step-by-Step Guide,article-74-algorithmic-impact-assessments-a-step-by-step-gui.md,IMAGE_PLACEHOLDER_article-74-algorithmic-impact-assessments-a-step-by-step-gui,"audit checklist, magnifying glass over AI system, accountability chain visualization, checklist, magnifying glass, inspection tools, quality badges, professional illustration, modern flat design style, clean and authoritative, high quality, blue and gray color scheme with accent colors, suitable for professional article header"
123,Article 75: AI Risk Assessment Templates – Tools for Practitioners,article-75-ai-risk-assessment-templates-tools-for-practition.md,IMAGE_PLACEHOLDER_article-75-ai-risk-assessment-templates-tools-for-practition,"balanced composition showing risk and safety elements, warning symbols with protective shields, checklist, magnifying glass, inspection tools, quality badges, shield icons, warning triangles, protective barriers, safety nets, professional illustration, modern flat design style, clean and authoritative, high quality, blue and gray color scheme with accent colors, suitable for professional article header"
124,Article 76: Mapping Frameworks to Regulations – A Compliance Crosswalk,article-76-mapping-frameworks-to-regulations-a-compliance-cr.md,IMAGE_PLACEHOLDER_article-76-mapping-frameworks-to-regulations-a-compliance-cr,"framework diagram, interconnected standards, quality assurance symbols, certification badges, structured framework diagram, building blocks, architectural blueprint, legal documents, regulatory symbols, compliance checkmarks, professional illustration, modern flat design style, clean and authoritative, high quality, blue and gray color scheme with accent colors, suitable for professional article header"
125,Article 77: Building an AI Risk Register – What to Track and Why,article-77-building-an-ai-risk-register-what-to-track-and-wh.md,IMAGE_PLACEHOLDER_article-77-building-an-ai-risk-register-what-to-track-and-wh,"balanced composition showing risk and safety elements, warning symbols with protective shields, shield icons, warning triangles, protective barriers, safety nets, professional illustration, modern flat design style, clean and authoritative, high quality, blue and gray color scheme with accent colors, suitable for professional article header"
126,Article 78: AI Maturity Models – Assessing Your Organization,article-78-ai-maturity-models-assessing-your-organizations-r.md,IMAGE_PLACEHOLDER_article-78-ai-maturity-models-assessing-your-organizations-r,"framework diagram, interconnected standards, quality assurance symbols, certification badges, professional illustration, modern flat design style, clean and authoritative, high quality, blue and gray color scheme with accent colors, suitable for professional article header"
127,Article 79: Before You Build – AI System Planning Essentials,article-79-before-you-build-ai-system-planning-essentials.md,IMAGE_PLACEHOLDER_article-79-before-you-build-ai-system-planning-essentials,"organizational structure, implementation roadmap, strategic planning elements, professional illustration, modern flat design style, clean and authoritative, high quality, blue and gray color scheme with accent colors, suitable for professional article header"
128,"Article 8: Generative AI Explained – How ChatGPT, DALL-E, and Claude Work",article-8-generative-ai-explained-how-chatgpt-dall-e-and-cla.md,IMAGE_PLACEHOLDER_article-8-generative-ai-explained-how-chatgpt-dall-e-and-cla,"educational diagram showing AI concepts, neural network visualization, technology icons, professional illustration, modern flat design style, clean and authoritative, high quality, blue and gray color scheme with accent colors, suitable for professional article header"
129,"Article 80: The AI Business Case – ROI, Risks, and Reality Checks",article-80-the-ai-business-case-roi-risks-and-reality-checks.md,IMAGE_PLACEHOLDER_article-80-the-ai-business-case-roi-risks-and-reality-checks,"balanced composition showing risk and safety elements, warning symbols with protective shields, shield icons, warning triangles, protective barriers, safety nets, professional illustration, modern flat design style, clean and authoritative, high quality, blue and gray color scheme with accent colors, suitable for professional article header"
130,Article 81: AI Project Scoping – Defining Success Criteria,article-81-ai-project-scoping-defining-success-criteria.md,IMAGE_PLACEHOLDER_article-81-ai-project-scoping-defining-success-criteria,"educational diagram showing AI concepts, neural network visualization, technology icons, professional illustration, modern flat design style, clean and authoritative, high quality, blue and gray color scheme with accent colors, suitable for professional article header"
131,"Article 82: AI Governance Structures – Roles, Responsibilities, and RACI",article-82-ai-governance-structures-roles-responsibilities-a.md,IMAGE_PLACEHOLDER_article-82-ai-governance-structures-roles-responsibilities-a,"organizational structure, implementation roadmap, strategic planning elements, professional illustration, modern flat design style, clean and authoritative, high quality, blue and gray color scheme with accent colors, suitable for professional article header"
132,Article 83: Designing Responsibly – The AI System Design Phase,article-83-designing-responsibly-the-ai-system-design-phase.md,IMAGE_PLACEHOLDER_article-83-designing-responsibly-the-ai-system-design-phase,"circular process flow, development stages, iterative cycle visualization, professional illustration, modern flat design style, clean and authoritative, high quality, blue and gray color scheme with accent colors, suitable for professional article header"
133,"Article 84: Data Strategy for AI – Collection, Quality, and Governance",article-84-data-strategy-for-ai-collection-quality-and-gover.md,IMAGE_PLACEHOLDER_article-84-data-strategy-for-ai-collection-quality-and-gover,"educational diagram showing AI concepts, neural network visualization, technology icons, data protection symbols, privacy locks, secure data flow, professional illustration, modern flat design style, clean and authoritative, high quality, blue and gray color scheme with accent colors, suitable for professional article header"
134,Article 85: Privacy-Enhancing Technologies – Differential Privacy and Beyond,article-85-privacy-enhancing-technologies-differential-priva.md,IMAGE_PLACEHOLDER_article-85-privacy-enhancing-technologies-differential-priva,"educational diagram showing AI concepts, neural network visualization, technology icons, data protection symbols, privacy locks, secure data flow, professional illustration, modern flat design style, clean and authoritative, high quality, blue and gray color scheme with accent colors, suitable for professional article header"
135,Article 86: Federated Learning – Training Without Sharing Data,article-86-federated-learning-training-without-sharing-data.md,IMAGE_PLACEHOLDER_article-86-federated-learning-training-without-sharing-data,"educational diagram showing AI concepts, neural network visualization, technology icons, data protection symbols, privacy locks, secure data flow, learning path, educational icons, knowledge transfer visualization, professional illustration, modern flat design style, clean and authoritative, high quality, blue and gray color scheme with accent colors, suitable for professional article header"
136,Article 87: Model Selection – Choosing the Right AI Approach,article-87-model-selection-choosing-the-right-ai-approach.md,IMAGE_PLACEHOLDER_article-87-model-selection-choosing-the-right-ai-approach,"educational diagram showing AI concepts, neural network visualization, technology icons, professional illustration, modern flat design style, clean and authoritative, high quality, blue and gray color scheme with accent colors, suitable for professional article header"
137,Article 88: The Build vs. Buy Decision – When to Use Third-Party AI,article-88-the-build-vs-buy-decision-when-to-use-third-party.md,IMAGE_PLACEHOLDER_article-88-the-build-vs-buy-decision-when-to-use-third-party,"educational diagram showing AI concepts, neural network visualization, technology icons, professional illustration, modern flat design style, clean and authoritative, high quality, blue and gray color scheme with accent colors, suitable for professional article header"
138,Article 89: AI Development Best Practices – From Code to Compliance,article-89-ai-development-best-practices-from-code-to-compli.md,IMAGE_PLACEHOLDER_article-89-ai-development-best-practices-from-code-to-compli,"circular process flow, development stages, iterative cycle visualization, legal documents, regulatory symbols, compliance checkmarks, professional illustration, modern flat design style, clean and authoritative, high quality, blue and gray color scheme with accent colors, suitable for professional article header"
139,Article 9: Large Language Models – The Technology Behind the Hype,article-9-large-language-models-the-technology-behind-the-hy.md,IMAGE_PLACEHOLDER_article-9-large-language-models-the-technology-behind-the-hy,"educational diagram showing AI concepts, neural network visualization, technology icons, professional illustration, modern flat design style, clean and authoritative, high quality, blue and gray color scheme with accent colors, suitable for professional article header"
140,Article 90: Feature Engineering – The Art of Training Data Preparation,article-90-feature-engineering-the-art-of-training-data-prep.md,IMAGE_PLACEHOLDER_article-90-feature-engineering-the-art-of-training-data-prep,"circular process flow, development stages, iterative cycle visualization, data protection symbols, privacy locks, secure data flow, learning path, educational icons, knowledge transfer visualization, professional illustration, modern flat design style, clean and authoritative, high quality, blue and gray color scheme with accent colors, suitable for professional article header"
141,"Article 91: Model Training – Hyperparameters, Validation, and Overfitting",article-91-model-training-hyperparameters-validation-and-ove.md,IMAGE_PLACEHOLDER_article-91-model-training-hyperparameters-validation-and-ove,"circular process flow, development stages, iterative cycle visualization, learning path, educational icons, knowledge transfer visualization, professional illustration, modern flat design style, clean and authoritative, high quality, blue and gray color scheme with accent colors, suitable for professional article header"
142,Article 92: Testing AI Systems – Beyond Traditional Software QA,article-92-testing-ai-systems-beyond-traditional-software-qa.md,IMAGE_PLACEHOLDER_article-92-testing-ai-systems-beyond-traditional-software-qa,"circular process flow, development stages, iterative cycle visualization, testing tools, quality assurance symbols, validation checkmarks, professional illustration, modern flat design style, clean and authoritative, high quality, blue and gray color scheme with accent colors, suitable for professional article header label: Article Hero Image section: Header id: image"
143,Article 93: Bias Testing – Detecting Discrimination Before Deployment,article-93-bias-testing-detecting-discrimination-before-depl.md,IMAGE_PLACEHOLDER_article-93-bias-testing-detecting-discrimination-before-depl,"balanced composition showing risk and safety elements, warning symbols with protective shields, balanced scales, diverse people silhouettes, equality symbols, deployment pipeline, implementation stages, production environment, professional illustration, modern flat design style, clean and authoritative, high quality, blue and gray color scheme with accent colors, suitable for professional article header"
144,Article 94: Red Teaming AI – Adversarial Testing for Safety,article-94-red-teaming-ai-adversarial-testing-for-safety.md,IMAGE_PLACEHOLDER_article-94-red-teaming-ai-adversarial-testing-for-safety,"balanced composition showing risk and safety elements, warning symbols with protective shields, shield icons, warning triangles, protective barriers, safety nets, professional illustration, modern flat design style, clean and authoritative, high quality, blue and gray color scheme with accent colors, suitable for professional article header"
145,Article 95: AI Documentation – Model Cards and System Documentation,article-95-ai-documentation-model-cards-and-system-documenta.md,IMAGE_PLACEHOLDER_article-95-ai-documentation-model-cards-and-system-documenta,"circular process flow, development stages, iterative cycle visualization, professional illustration, modern flat design style, clean and authoritative, high quality, blue and gray color scheme with accent colors, suitable for professional article header"
146,Article 96: Launch Readiness – The AI Deployment Checklist,article-96-launch-readiness-the-ai-deployment-checklist.md,IMAGE_PLACEHOLDER_article-96-launch-readiness-the-ai-deployment-checklist,"circular process flow, development stages, iterative cycle visualization, deployment pipeline, implementation stages, production environment, professional illustration, modern flat design style, clean and authoritative, high quality, blue and gray color scheme with accent colors, suitable for professional article header"
147,"Article 97: Deployment Strategies – Canary Releases, A/B Testing, and Rollbacks",article-97-deployment-strategies-canary-releases-ab-testing-.md,IMAGE_PLACEHOLDER_article-97-deployment-strategies-canary-releases-ab-testing-,"circular process flow, development stages, iterative cycle visualization, testing tools, quality assurance symbols, validation checkmarks, deployment pipeline, implementation stages, production environment, professional illustration, modern flat design style, clean and authoritative, high quality, blue and gray color scheme with accent colors, suitable for professional article header label: Article Hero Image section: Header id: image"
148,"Article 98: Monitoring AI in Production – Drift, Degradation, and Detection",article-98-monitoring-ai-in-production-drift-degradation-and.md,IMAGE_PLACEHOLDER_article-98-monitoring-ai-in-production-drift-degradation-and,"circular process flow, development stages, iterative cycle visualization, deployment pipeline, implementation stages, production environment, professional illustration, modern flat design style, clean and authoritative, high quality, blue and gray color scheme with accent colors, suitable for professional article header"
149,Article 99: AI Incident Response – When Things Go Wrong,article-99-ai-incident-response-when-things-go-wrong.md,IMAGE_PLACEHOLDER_article-99-ai-incident-response-when-things-go-wrong,"educational diagram showing AI concepts, neural network visualization, technology icons, professional illustration, modern flat design style, clean and authoritative, high quality, blue and gray color scheme with accent colors, suitable for professional article header"
150,Article Title,article-title.md,IMAGE_PLACEHOLDER_article-title,"AI governance concept visualization, professional illustration, modern flat design style, clean and authoritative, high quality, blue and gray color scheme with accent colors, suitable for professional article header label: Article Hero Image section: Header id: image"
151,Autonomous Weapons – The AI Arms Race,autonomous-weapons-the-ai-arms-race.md,IMAGE_PLACEHOLDER_autonomous-weapons-the-ai-arms-race,"futuristic technology, forward-looking perspective, emerging trends visualization, professional illustration, modern flat design style, clean and authoritative, high quality, blue and gray color scheme with accent colors, suitable for professional article header"
152,Building Trustworthy AI – The Seven Pillars,building-trustworthy-ai-the-seven-pillars.md,IMAGE_PLACEHOLDER_building-trustworthy-ai-the-seven-pillars,"balanced composition showing risk and safety elements, warning symbols with protective shields, professional illustration, modern flat design style, clean and authoritative, high quality, blue and gray color scheme with accent colors, suitable for professional article header"
153,Deepfakes and Synthetic Media – The Trust Crisis,deepfakes-and-synthetic-media-the-trust-crisis.md,IMAGE_PLACEHOLDER_deepfakes-and-synthetic-media-the-trust-crisis,"balanced composition showing risk and safety elements, warning symbols with protective shields, professional illustration, modern flat design style, clean and authoritative, high quality, blue and gray color scheme with accent colors, suitable for professional article header"
154,"Fairness in AI – Definitions, Metrics, and Trade-offs",fairness-in-ai-definitions-metrics-and-trade-offs.md,IMAGE_PLACEHOLDER_fairness-in-ai-definitions-metrics-and-trade-offs,"balanced composition showing risk and safety elements, warning symbols with protective shields, balanced scales, diverse people silhouettes, equality symbols, professional illustration, modern flat design style, clean and authoritative, high quality, blue and gray color scheme with accent colors, suitable for professional article header"
155,How Machines Learn — Training Methods and Automation Explained,how-machines-learn-training-methods-and-automation-explained.md,IMAGE_PLACEHOLDER_how-machines-learn-training-methods-and-automation-explained,"educational diagram showing AI concepts, neural network visualization, technology icons, learning path, educational icons, knowledge transfer visualization, professional illustration, modern flat design style, clean and authoritative, high quality, blue and gray color scheme with accent colors, suitable for professional article header"
156,Human-Centered AI Design – Keeping People in the Loop,human-centered-ai-design-keeping-people-in-the-loop.md,IMAGE_PLACEHOLDER_human-centered-ai-design-keeping-people-in-the-loop,"circular process flow, development stages, iterative cycle visualization, professional illustration, modern flat design style, clean and authoritative, high quality, blue and gray color scheme with accent colors, suitable for professional article header"
157,Job Displacement – AI and the Future of Work,job-displacement-ai-and-the-future-of-work.md,IMAGE_PLACEHOLDER_job-displacement-ai-and-the-future-of-work,"futuristic technology, forward-looking perspective, emerging trends visualization, professional illustration, modern flat design style, clean and authoritative, high quality, blue and gray color scheme with accent colors, suitable for professional article header"
158,Preparing for AI Regulation – A Compliance Roadmap,preparing-for-ai-regulation-a-compliance-roadmap.md,IMAGE_PLACEHOLDER_preparing-for-ai-regulation-a-compliance-roadmap,"legal documents, scales of justice, regulatory framework visualization, government buildings, legal documents, regulatory symbols, compliance checkmarks, professional illustration, modern flat design style, clean and authoritative, high quality, blue and gray color scheme with accent colors, suitable for professional article header"
159,Regulatory Landscape – Global AI Laws and Standards,regulatory-landscape-global-ai-laws-and-standards.md,IMAGE_PLACEHOLDER_regulatory-landscape-global-ai-laws-and-standards,"legal documents, scales of justice, regulatory framework visualization, government buildings, structured framework diagram, building blocks, architectural blueprint, legal documents, regulatory symbols, compliance checkmarks, professional illustration, modern flat design style, clean and authoritative, high quality, blue and gray color scheme with accent colors, suitable for professional article header"
160,Responsibility of Responsible AI for Organizations,responsibility-of-responsible-ai-for-organizations.md,IMAGE_PLACEHOLDER_responsibility-of-responsible-ai-for-organizations,"balanced composition showing risk and safety elements, warning symbols with protective shields, professional illustration, modern flat design style, clean and authoritative, high quality, blue and gray color scheme with accent colors, suitable for professional article header label: Article Hero Image section: Header id: image"
161,The AI Audit – How to Evaluate AI Systems,the-ai-audit-how-to-evaluate-ai-systems.md,IMAGE_PLACEHOLDER_the-ai-audit-how-to-evaluate-ai-systems,"audit checklist, magnifying glass over AI system, accountability chain visualization, checklist, magnifying glass, inspection tools, quality badges, professional illustration, modern flat design style, clean and authoritative, high quality, blue and gray color scheme with accent colors, suitable for professional article header"
162,The AI Family Tree - Types of AI Systems,the-ai-family-tree-types-of-ai-systems.md,IMAGE_PLACEHOLDER_the-ai-family-tree-types-of-ai-systems,"educational diagram showing AI concepts, neural network visualization, technology icons, professional illustration, modern flat design style, clean and authoritative, high quality, blue and gray color scheme with accent colors, suitable for professional article header"
163,The AI Family Tree - Understanding AI Intelligence Levels,the-ai-family-tree-understanding-ai-intelligence-levels.md,IMAGE_PLACEHOLDER_the-ai-family-tree-understanding-ai-intelligence-levels,"educational diagram showing AI concepts, neural network visualization, technology icons, professional illustration, modern flat design style, clean and authoritative, high quality, blue and gray color scheme with accent colors, suitable for professional article header"
164,The AI Technology Stack Explained,the-ai-technology-stack-explained.md,IMAGE_PLACEHOLDER_the-ai-technology-stack-explained,"educational diagram showing AI concepts, neural network visualization, technology icons, professional illustration, modern flat design style, clean and authoritative, high quality, blue and gray color scheme with accent colors, suitable for professional article header"
165,The Black Box Problem – Why AI Explainability Matters,the-black-box-problem-why-ai-explainability-matters.md,IMAGE_PLACEHOLDER_the-black-box-problem-why-ai-explainability-matters,"balanced composition showing risk and safety elements, warning symbols with protective shields, transparent glass box revealing inner workings, light rays, clarity symbols, professional illustration, modern flat design style, clean and authoritative, high quality, blue and gray color scheme with accent colors, suitable for professional article header"
166,The Future of AI Ethics – Emerging Challenges and Opportunities,the-future-of-ai-ethics-emerging-challenges-and-opportunitie.md,IMAGE_PLACEHOLDER_the-future-of-ai-ethics-emerging-challenges-and-opportunitie,"balanced composition showing risk and safety elements, warning symbols with protective shields, professional illustration, modern flat design style, clean and authoritative, high quality, blue and gray color scheme with accent colors, suitable for professional article header"
167,When AI Goes Wrong – A Taxonomy of AI Harms,when-ai-goes-wrong-a-taxonomy-of-ai-harms.md,IMAGE_PLACEHOLDER_when-ai-goes-wrong-a-taxonomy-of-ai-harms,"balanced composition showing risk and safety elements, warning symbols with protective shields, professional illustration, modern flat design style, clean and authoritative, high quality, blue and gray color scheme with accent colors, suitable for professional article header"
